"discardDate","plantingRef","discardQuantity","notes","machine","human"
"2025-09-15","20250830-高田(南・3)-レッドマーケット","2560","水害","",""
"2026-09-06","20250822-二回-ないと","","","",""
"2026-09-06","20250822-二回-ないと","8384","","",""
"2026-09-06","20250827-大清水(豚)-レッドコメット(MKS-C901)","3840","","",""
"2026-09-06","20250830-高田(南・4)-レッドコメット(MKS-C901)","1856","","",""
"2026-09-21","20260203-豊栄町東-初夏9009","10284","","",""
"2026-09-21","20250830-高田(南・4)-レッドマーケット","384","","",""
"2026-09-21","20250903-西天伯(20a)-レッドコメット(MKS-C901)","2560","","",""
"2026-09-21","20250908-ヨコモク(ハウス跡)-冬銀河","3968","","",""
"2026-09-21","20250909-若松(新･小)-N-831","640","","",""
"2026-09-21","20250912-上原(うずら角)-冬銀河","1400","","",""
"2026-09-21","20250917-体育館-YRたかみね","14700","","",""
"2026-09-21","20250918-事業所(南)-りくと","500","","",""
"2026-09-21","20250921-事業所(西・３)-りくよう","320","","",""
"2026-09-21","20250925-上原(自分)-りくよう","2304","","",""
"2026-09-21","20251217-そば屋前-ことみ","5376","","",""
"2026-09-21","20260221-バラ東-初恋","2442","","",""
"2026-09-21","20260110-若松(排水機横)-ときめき","5005","","",""
"2026-09-21","20260311-三角畑(下)-恋舞","2066","","",""
"2026-09-21","20260311-しあわせ地蔵-おきなSP","450","","",""
"2026-09-21","20260110-若松(排水機横)-ことみ","2023","","",
