oldPlantingRef,proposedPlantingRef,field,variety,plantDate,seedRef,quantity,trayType,relatedHarvestRows,relatedWeightRows,allocationStatus
20250818-看板前-ロイド(C-147),20250818-看板前-ロイド(C-147)-20250718-ロイド(C-147)-01-128,看板前,ロイド(C-147),2025-08-18,20250718-ロイド(C-147)-01,3776,128,1,1,要確認：収穫・出荷にseedRefなし
20250818-看板前-ロイド(C-147),20250818-看板前-ロイド(C-147)-20250726-ロイド(C-147)-02-128,看板前,ロイド(C-147),2025-08-18,20250726-ロイド(C-147)-02,1024,128,1,1,要確認：収穫・出荷にseedRefなし
20250829-王崎-CTみかさ,20250829-王崎-CTみかさ-20250801-CTみかさ-01-128,王崎,CTみかさ,2025-08-29,20250801-CTみかさ-01,10304,128,5,3,要確認：収穫・出荷にseedRefなし
20250829-王崎-CTみかさ,20250829-王崎-CTみかさ-20250730-CTみかさ-02-128,王崎,CTみかさ,2025-08-29,20250730-CTみかさ-02,128,128,5,3,要確認：収穫・出荷にseedRefなし
20250925-上原(欠33)-N-831,20250925-上原(欠33)-N-831-20250820-N-831-03-128,上原(欠33),N-831,2025-09-25,20250820-N-831-03,3584,128,2,2,要確認：収穫・出荷にseedRefなし
20250925-上原(欠33)-N-831,20250925-上原(欠33)-N-831-20250806-N-831-02-200,上原(欠33),N-831,2025-09-25,20250806-N-831-02,600,200,2,2,要確認：収穫・出荷にseedRefなし
20250925-上原(中学上3.7)-N-831,20250925-上原(中学上3.7)-N-831-20250806-N-831-01-128,上原(中学上3.7),N-831,2025-09-25,20250806-N-831-01,7040,128,3,2,要確認：収穫・出荷にseedRefなし
20250925-上原(中学上3.7)-N-831,20250925-上原(中学上3.7)-N-831-20250820-N-831-03-128,上原(中学上3.7),N-831,2025-09-25,20250820-N-831-03,3584,128,3,2,要確認：収穫・出荷にseedRefなし
20260818-明輝(南・40a)-ないと,20260818-明輝(南・40a)-ないと-20260718-ないと-01-128,明輝(南・40a),ないと,2026-08-18,20260718-ないと-01,3456,128,0,0,要確認：関連実績なし
20260818-明輝(南・40a)-ないと,20260818-明輝(南・40a)-ないと-20260720-ないと-02-128,明輝(南・40a),ないと,2026-08-18,20260720-ないと-02,9344,128,0,0,要確認：関連実績なし
20260924-ヨコモク(下)-N-831,20260924-ヨコモク(下)-N-831-20260820-N-831-05-128,ヨコモク(下),N-831,2026-09-24,20260820-N-831-05,8832,128,0,0,要確認：関連実績なし
20260924-ヨコモク(下)-N-831,20260924-ヨコモク(下)-N-831-20260810-N-831-02-200,ヨコモク(下),N-831,2026-09-24,20260810-N-831-02,1800,200,0,0,要確認：関連実績なし
