"plantingRef","duplicateCount","distinctDefinitionCount","date","plantDate","field","variety","seedRef","quantity","trayType"
"20250818-看板前-ロイド(C-147)","2","2",,"2025-08-18","看板前","ロイド(C-147)","20250718-ロイド(C-147)-01","3776","128"
"20250818-看板前-ロイド(C-147)","2","2",,"2025-08-18","看板前","ロイド(C-147)","20250726-ロイド(C-147)-02","1024","128"
"20250829-王崎-CTみかさ","2","2",,"2025-08-29","王崎","CTみかさ","20250801-CTみかさ-01","10304","128"
"20250829-王崎-CTみかさ","2","2",,"2025-08-29","王崎","CTみかさ","20250730-CTみかさ-02","128","128"
"20250925-上原(欠33)-N-831","2","2",,"2025-09-25","上原(欠33)","N-831","20250820-N-831-03","3584","128"
"20250925-上原(欠33)-N-831","2","2",,"2025-09-25","上原(欠33)","N-831","20250806-N-831-02","600","200"
"20250925-上原(中学上3.7)-N-831","2","2",,"2025-09-25","上原(中学上3.7)","N-831","20250806-N-831-01","7040","128"
"20250925-上原(中学上3.7)-N-831","2","2",,"2025-09-25","上原(中学上3.7)","N-831","20250820-N-831-03","3584","128"
"20260818-明輝(南・40a)-ないと","2","2",,"2026-08-18","明輝(南・40a)","ないと","20260718-ないと-01","3456","128"
"20260818-明輝(南・40a)-ないと","2","2",,"2026-08-18","明輝(南・40a)","ないと","20260720-ないと-02","9344","128"
"20260924-ヨコモク(下)-N-831","2","2",,"2026-09-24","ヨコモク(下)","N-831","20260820-N-831-05","8832","128"
"20260924-ヨコモク(下)-N-831","2","2",,"2026-09-24","ヨコモク(下)","N-831","20260810-N-831-02","1800","200"
