id,field,variety,sowDate,planPlantDate,trayType,trayCount,assignedTrayCount,plants,source,memo
"2026-1","西七根","ないと","2026-07-18","2026-08-17","128","80","58","7424","自家は種",""
"2026-0","西七根","藍天","2026-07-16","2026-08-17","128","40","40","5120","自家は種",""
"2026-1","明輝(南・40a)","ないと","2026-07-18","2026-08-17","128","80","22","2816","自家は種",""
"2026-6","三角畑","風あすか","2026-07-20","2026-08-19","128","40","40","5120","自家は種",""
"2026-2","石神","藍天","2026-07-20","2026-08-19","128","80","39","4992","自家は種",""
"2026-2","長沢1","藍天","2026-07-20","2026-08-19","128","80","41","5248","自家は種",""
"2026-5","長沢2","YR888","2026-07-20","2026-08-19","128","80","9","1152","自家は種",""
"2026-5","長沢3","YR888","2026-07-20","2026-08-19","128","80","71","9088","自家は種",""
"2026-3","明輝(南・40a)","おかわり","2026-07-20","2026-08-19","128","20","20","2560","自家は種",""
"2026-4","明輝(南・40a)","ないと","2026-07-20","2026-08-19","128","80","80","10240","自家は種",""
"2026-7","明輝(南・40a)","なごみ","2026-07-20","2026-08-19","128","20","20","2560","自家は種","~7/20播種440枚"
"2026-9","しあわせ地蔵","YR888","2026-07-25","2026-08-24","128","152","110","14080","",""
"2026-8","看板前","ないと","2026-07-25","2026-08-24","128","228","31","3968","",""
"2026-8","三角畑","ないと","2026-07-25","2026-08-24","128","228","157","20096","",""
"2026-10","西天伯(20a)","レッドコメット(MKS-C901)","2026-07-27","2026-08-24","128","38","2","256","自家は種",""
"2026-9","長沢2","YR888","2026-07-25","2026-08-24","128","152","42","5376","",""
"2026-8","長沢2","ないと","2026-07-25","2026-08-24","128","228","32","4096","",""
"2026-10","野依台","レッドコメット(MKS-C901)","2026-07-27","2026-08-24","128","38","35","4480","自家は種",""
"2026-12","彩幸(南)","風あすか","2026-07-28","2026-08-27","128","76","17","2176","",""
"2026-12","三角畑(下)","風あすか","2026-07-28","2026-08-27","128","76","59","7552","",""
"2026-15","彩幸(南)","たいと","2026-07-30","2026-08-29","128","38","34","4352","",""
"2026-11","西天伯(20a)","レッドコメット(MKS-C901)","2026-07-27","2026-08-30","128","76","5","640","自家は種",""
"2026-11","赤沢東","レッドコメット(MKS-C901)","2026-07-27","2026-08-30","128","76","71","9088","自家は種",""
"2026-16","高田","CTみかさ","2026-08-01","2026-08-31","128","114","110","14080","",""
"2026-13","中学横","風あすか","2026-07-28","2026-08-31","128","152","35","4480","",""
"2026-13","中日新聞","風あすか","2026-07-28","2026-08-31","128","152","44","5632","",""
"2026-13","二回","風あすか","2026-07-28","2026-08-31","128","152","68","8704","",""
"2026-17","大清水","風あすか","2026-08-03","2026-09-02","200","96","18","3600","",""
"2026-17","大清水(西)","風あすか","2026-08-03","2026-09-02","200","96","45","9000","",""
"2026-17","大清水(北)","風あすか","2026-08-03","2026-09-02","200","96","30","6000","",""
"2026-14","西天伯(20a)","レッドコメット(MKS-C901)","2026-07-30","2026-09-03","128","76","76","9728","自家は種",""
"2026-21","王崎","CTみかさ","2026-08-05","2026-09-04","200","48","48","9600","",""
"2026-19","事業所(西・１)","藍宝ひかり","2026-08-05","2026-09-04","200","72","32","6400","",""
"2026-19","事業所(西・２)","藍宝ひかり","2026-08-05","2026-09-04","200","72","40","8000","",""
"2026-22","事業所(西・４)","たいと","2026-08-05","2026-09-04","200","48","26","5200","",""
"2026-22","事業所(西・5)","たいと","2026-08-05","2026-09-04","200","48","22","4400","",""
"2026-23","若松(排水機横)","たいと","2026-08-05","2026-09-04","128","152","34","4352","",""
"2026-23","西天伯(30a)","たいと","2026-08-05","2026-09-04","128","152","118","15104","",""
"2026-20","大清水","冬藍","2026-08-05","2026-09-04","200","72","72","14400","",""
"2026-24","八雲だんご","みぞれ雪","2026-08-06","2026-09-05","128","80","78","9984","",""
"2026-31","新切","TS-C2010","2026-08-10","2026-09-06","128","38","31","3968","",""
"2026-25","高田(崖上・大)","そらと","2026-08-08","2026-09-07","200","134","51","10200","",""
"2026-25","高田(崖上・中)","そらと","2026-08-08","2026-09-07","200","134","35","7000","",""
"2026-25","高田(南・1)","そらと","2026-08-08","2026-09-07","200","134","31","6200","",""
"2026-26","高田(南・2)","N-831","2026-08-08","2026-09-07","128","120","73","9344","",""
"2026-26","高田(南・3)","N-831","2026-08-08","2026-09-07","128","120","23","2944","",""
"2026-26","高田(南・4)","N-831","2026-08-08","2026-09-07","128","120","24","3072","",""
"2026-18","小島(下)","風あすか","2026-08-03","2026-09-07","200","96","35","7000","",""
"2026-18","小島(崖下)","風あすか","2026-08-03","2026-09-07","200","96","39","7800","",""
"2026-18","小島(上)","風あすか","2026-08-03","2026-09-07","200","96","10","2000","",""
"2026-25","明輝","そらと","2026-08-08","2026-09-07","200","134","17","3400","",""
"2026-18","明輝","風あすか","2026-08-03","2026-09-07","200","96","12","2400","",""
"2026-28","ヨコモク(下)","TS-C2010","2026-08-10","2026-09-09","128","104","90","11520","",""
"2026-30","七根(伊古部)","N-831","2026-08-10","2026-09-09","200","142","88","17600","",""
"2026-30","若松(大)","N-831","2026-08-10","2026-09-09","200","142","54","10800","",""
"2026-29","若松(東前)","みぞれ雪","2026-08-10","2026-09-09","128","40","40","5120","",""
"2026-28","明輝","TS-C2010","2026-08-10","2026-09-09","128","104","14","1792","",""
"2026-32","ヨコモク(ハウス跡)","風あすか","2026-08-12","2026-09-11","200","65","42","8400","",""
"2026-32","ヨコモク(南)","風あすか","2026-08-12","2026-09-11","200","65","23","4600","",""
"2026-27","ヨコモク(大)","N-831","2026-08-10","2026-09-12","128","156","147","18816","",""
"2026-33","事業所(東・下)","りくよう","2026-08-14","2026-09-13","200","80","32","6400","自家は種","24基/10a"
"2026-33","事業所(東・上)","りくよう","2026-08-14","2026-09-13","200","80","45","9000","自家は種","24基/10a"
"2026-34","事業所(南)","風あすか","2026-08-16","2026-09-15","200","62","56","11200","自家は種",""
"2026-35","ハウス跡(下)","冬親方","2026-08-17","2026-09-16","200","48","31","6200","",""
"2026-36","ハウス跡(上)","N-831","2026-08-17","2026-09-16","200","100","10","2000","",""
"2026-35","ハウス跡(上)","冬親方","2026-08-17","2026-09-16","200","48","17","3400","",""
"2026-36","下田(西)","N-831","2026-08-17","2026-09-16","200","100","6","1200","",""
"2026-36","下田(中)","N-831","2026-08-17","2026-09-16","200","100","25","5000","",""
"2026-37","事業所(小柳津)","冬五郎","2026-08-17","2026-09-16","200","62","43","8600","",""
"2026-37","信号（小野田）","冬五郎","2026-08-17","2026-09-16","200","62","19","3800","",""
"2026-36","池","N-831","2026-08-17","2026-09-16","200","100","35","7000","",""
"2026-38","事業所(西・３)","りくよう","2026-08-19","2026-09-18","128","130","28","3584","","24基/10a"
"2026-39","上原(うずら角)","冬勝利","2026-08-19","2026-09-18","128","130","35","4480","","24基/10a"
"2026-38","上原(すいか横、うずら北)","りくよう","2026-08-19","2026-09-18","128","130","91","11648","","24基/10a"
"2026-39","上原(変形2.5)","冬勝利","2026-08-19","2026-09-18","128","130","95","12160","","24基/10a"
"2026-41","若松(元・大)","そらと","2026-08-20","2026-09-19","128","80","63","8064","","24基/10a"
"2026-40","上原(マリエール西)","N-831","2026-08-20","2026-09-19","128","130","69","8832","","24基/10a"
"2026-40","上原(自分)","N-831","2026-08-20","2026-09-19","128","130","55","7040","","24基/10a"
"2026-42","体育館","YRたかみね","2026-08-20","2026-09-19","128","110","110","14080","","24基/10a"
"2026-43","事業所(西・３)","青龍345","2026-08-22","2026-09-22","128","65","65","8320","",""
